idx,id,title,url,date
1,D_S6y0Jm6dQ,ML Lecture 2: Where does the error come from?,https://www.youtube.com/watch?v=D_S6y0Jm6dQ,2016-10-07
2,yKKNr-QKz2Q,ML Lecture 3-1: Gradient Descent,https://www.youtube.com/watch?v=yKKNr-QKz2Q,2016-10-07
3,fegAeph9UaA,ML Lecture 1: Regression - Case Study,https://www.youtube.com/watch?v=fegAeph9UaA,2016-10-07
4,Dr-WRlEFefw,ML Lecture 6: Brief Introduction of Deep Learning,https://www.youtube.com/watch?v=Dr-WRlEFefw,2016-10-15
5,fZAZUYEeIMg,ML Lecture 4: Classification,https://www.youtube.com/watch?v=fZAZUYEeIMg,2016-10-15
6,ibJpTrp5mcE,ML Lecture 7: Backpropagation,https://www.youtube.com/watch?v=ibJpTrp5mcE,2016-10-29
7,xki61j7z-30,ML Lecture 9-1: Tips for Training DNN,https://www.youtube.com/watch?v=xki61j7z-30,2016-11-04
8,FrKWiRv254g,ML Lecture 10: Convolutional Neural Network,https://www.youtube.com/watch?v=FrKWiRv254g,2016-11-04
9,XsC9byQkUH8,ML Lecture 11: Why Deep?,https://www.youtube.com/watch?v=XsC9byQkUH8,2016-11-11
10,fX_guE7JNnY,ML Lecture 12: Semi-supervised,https://www.youtube.com/watch?v=fX_guE7JNnY,2016-11-11
11,iwh5o_M4BNU,ML Lecture 13: Unsupervised Learning - Linear Methods,https://www.youtube.com/watch?v=iwh5o_M4BNU,2016-11-18
12,Tk5B4seA-AU,ML Lecture 16: Unsupervised Learning - Auto-encoder,https://www.youtube.com/watch?v=Tk5B4seA-AU,2016-11-19
13,X7PH3NuYW0Q,ML Lecture 14: Unsupervised Learning - Word Embedding,https://www.youtube.com/watch?v=X7PH3NuYW0Q,2016-11-27
14,YNUek8ioAJk,ML Lecture 17: Unsupervised Learning - Deep Generative Model (Part I),https://www.youtube.com/watch?v=YNUek8ioAJk,2016-11-27
15,8zomhgKrsmQ,ML Lecture 18: Unsupervised Learning - Deep Generative Model (Part II),https://www.youtube.com/watch?v=8zomhgKrsmQ,2016-12-07
16,GBUEjkpoxXc,ML Lecture 15: Unsupervised Learning - Neighbor Embedding,https://www.youtube.com/watch?v=GBUEjkpoxXc,2016-12-08
17,qD6iD4TFsdQ,ML Lecture 19: Transfer Learning,https://www.youtube.com/watch?v=qD6iD4TFsdQ,2016-12-09
18,QSEPStBgwRQ,ML Lecture 20: Support Vector Machine (SVM),https://www.youtube.com/watch?v=QSEPStBgwRQ,2016-12-10
19,5OYu0vxXEv8,Structured Learning 1: Introduction,https://www.youtube.com/watch?v=5OYu0vxXEv8,unknown
20,HfPw40JPays,Structured Learning 2: Linear Model,https://www.youtube.com/watch?v=HfPw40JPays,unknown
21,YjvGVVrCrhQ,Structured Learning 3: Structured SVM,https://www.youtube.com/watch?v=YjvGVVrCrhQ,unknown
22,W8XF3ME8G2I,ML Lecture 23-1: Deep Reinforcement Learning,https://www.youtube.com/watch?v=W8XF3ME8G2I,2017-01-14
23,o9FPSqobMys,Structured Learning 4: Sequence Labeling,https://www.youtube.com/watch?v=o9FPSqobMys,unknown
24,QsO2zyED7Lw,"ML Lecture 27: Ensemble (no ""pointer"" version)",https://www.youtube.com/watch?v=QsO2zyED7Lw,unknown
25,rTqmWlnwz_0,ML Lecture 21-2: Recurrent Neural Network (Part II),https://www.youtube.com/watch?v=rTqmWlnwz_0,2017-01-18
26,xCGidAeyS4M,ML Lecture 21-1: Recurrent Neural Network (Part I),https://www.youtube.com/watch?v=xCGidAeyS4M,2017-01-25
27,hSXFuypLukA,ML Lecture 5: Logistic Regression,https://www.youtube.com/watch?v=hSXFuypLukA,2017-01-29
28,Jvigef51rqk,Deep Learning for Language Modeling,https://www.youtube.com/watch?v=Jvigef51rqk,unknown
29,IzHoNwlCGnE,Review: Basic Structures for Deep Learning Models (Part I),https://www.youtube.com/watch?v=IzHoNwlCGnE,unknown
30,-yhm3WdGFok,Computational Graph & Backpropagation,https://www.youtube.com/watch?v=-yhm3WdGFok,unknown
31,SoCywZ1hZak,Spatial Transformer Layer,https://www.youtube.com/watch?v=SoCywZ1hZak,unknown
32,dxB6299gpvI,Highway Network & Grid LSTM,https://www.youtube.com/watch?v=dxB6299gpvI,unknown
33,JKWqPO3d6kQ,Review: Basic Structures for Deep Learning Models (Part II),https://www.youtube.com/watch?v=JKWqPO3d6kQ,unknown
34,Lx3l4lOrquw,ML Lecture 8-1: “Hello world” of deep learning,https://www.youtube.com/watch?v=Lx3l4lOrquw,2017-03-23
35,f1KUUz7v8g4,Conditional Generation by RNN & Attention,https://www.youtube.com/watch?v=f1KUUz7v8g4,unknown
36,z0uOq2wEGcc,Recursive Network,https://www.youtube.com/watch?v=z0uOq2wEGcc,unknown
37,0CKeqXl5IY0,Generative Adversarial Network,https://www.youtube.com/watch?v=0CKeqXl5IY0,unknown
38,KSN4QYgAtao,Improved Generative Adversarial Network,https://www.youtube.com/watch?v=KSN4QYgAtao,unknown
39,A5p1_ehUSVI,機械学習で美少女化 ~  あるいはNEW GAME! の世界,https://www.youtube.com/watch?v=A5p1_ehUSVI,unknown
40,pbQ4qe8EwLo,RL and GAN for Sentence Generation and Chat-bot,https://www.youtube.com/watch?v=pbQ4qe8EwLo,unknown
41,VNqOspvEKEI,Evaluation of Generative Models,https://www.youtube.com/watch?v=VNqOspvEKEI,unknown
42,rOho-2oJFeA,Imitation Learning,https://www.youtube.com/watch?v=rOho-2oJFeA,unknown
43,TN8cJiomk_k,Video Generation by GAN,https://www.youtube.com/watch?v=TN8cJiomk_k,unknown
44,1DlTX9srmvE,Ensemble of GAN,https://www.youtube.com/watch?v=1DlTX9srmvE,unknown
45,gFaqKdcCdOE,Energy-based GAN,https://www.youtube.com/watch?v=gFaqKdcCdOE,unknown
46,1_HBTJyWgNA,ML Lecture 3-2: Gradient Descent (Demo by AOE),https://www.youtube.com/watch?v=1_HBTJyWgNA,2017-09-21
47,wzPAInDF_gI,ML Lecture 3-3: Gradient Descent (Demo by Minecraft),https://www.youtube.com/watch?v=wzPAInDF_gI,2017-09-21
48,O79Ic8XBzvw,A3C,https://www.youtube.com/watch?v=O79Ic8XBzvw,unknown
49,1UqCjFQiiy0,ML Lecture 1: Regression - Demo,https://www.youtube.com/watch?v=1UqCjFQiiy0,2017-09-21
50,CXgbekl66jc,ML Lecture 0-1: Introduction of  Machine Learning,https://www.youtube.com/watch?v=CXgbekl66jc,2017-09-29
51,On1N8u1z2Ng,ML Lecture 0-2: Why we need to learn machine learning?,https://www.youtube.com/watch?v=On1N8u1z2Ng,unknown
52,L8unuZNpWw8,ML Lecture 8-3: Keras Demo,https://www.youtube.com/watch?v=L8unuZNpWw8,2017-10-15
53,5BJDJd-dzzg,ML Lecture 8-2: Keras 2.0,https://www.youtube.com/watch?v=5BJDJd-dzzg,2017-10-19
54,Ky1ku1miDow,ML Lecture 9-2: Keras Demo 2,https://www.youtube.com/watch?v=Ky1ku1miDow,2017-10-20
55,T8mGfIy9dWM,"Gated RNN and Sequence Generation (Recorded at Fall, 2017)",https://www.youtube.com/watch?v=T8mGfIy9dWM,unknown
56,tH9FH1DH5n0,ML Lecture 22: Ensemble,https://www.youtube.com/watch?v=tH9FH1DH5n0,2017-11-18
57,VdOyqNQ9aww,Pointer Network,https://www.youtube.com/watch?v=VdOyqNQ9aww,unknown
58,F1vek6ULo9w,ML Lecture 9-3: Fizz Buzz in Tensorflow (sequel),https://www.youtube.com/watch?v=F1vek6ULo9w,2017-11-18
59,BZh1ltr5Rkg,Batch Normalization,https://www.youtube.com/watch?v=BZh1ltr5Rkg,unknown
60,1KElr75pHdQ,Interesting things about deep learning,https://www.youtube.com/watch?v=1KElr75pHdQ,unknown
61,kyX29rUntjM,Tuning Hyperparameters,https://www.youtube.com/watch?v=kyX29rUntjM,unknown
62,1WPjVpwJ88I,SELU,https://www.youtube.com/watch?v=1WPjVpwJ88I,unknown
63,G0dZc-8yIjE,GAN Lecture 1 (2017): Introduction of Generative Adversarial Network (GAN),https://www.youtube.com/watch?v=G0dZc-8yIjE,unknown
64,9N_uOIPghuo,GAN Lecture 2 (2017): CycleGAN,https://www.youtube.com/watch?v=9N_uOIPghuo,unknown
65,Adi54-wp8Qk,GAN Lecture 3 (2017): Improving Sequence Generation by GAN,https://www.youtube.com/watch?v=Adi54-wp8Qk,unknown
66,dFwesaqC_Wo,GAN Lecture 4 (2017):  From A to Z,https://www.youtube.com/watch?v=dFwesaqC_Wo,unknown
67,y8UPGr36ccI,ML Lecture 23-2: Policy Gradient (Supplementary Explanation),https://www.youtube.com/watch?v=y8UPGr36ccI,2018-01-18
68,2-JNBzCq77c,ML Lecture 23-3: Reinforcement Learning (including Q-learning),https://www.youtube.com/watch?v=2-JNBzCq77c,2018-01-18
69,KKT2VkTdFyc,Deep Learning Theory 1-1: Can shallow network fit any function?,https://www.youtube.com/watch?v=KKT2VkTdFyc,unknown
70,FN8jclCrqY0,Deep Learning Theory 1-2: Potential of Deep,https://www.youtube.com/watch?v=FN8jclCrqY0,2018-03-09
71,qpuLxXrHQB4,Deep Learning Theory 1-3: Is Deep better than Shallow?,https://www.youtube.com/watch?v=qpuLxXrHQB4,2018-03-09
72,XSdkBG6Vvr0,Deep Learning Theory 2-1: When Gradient is Zero,https://www.youtube.com/watch?v=XSdkBG6Vvr0,unknown
73,NmelPQkUark,Deep Learning Theory 2-3: Does Deep Network have Local Minima?,https://www.youtube.com/watch?v=NmelPQkUark,2018-03-17
74,_VuWvQUMQVk,Deep Learning Theory 2-4: Geometry of Loss Surfaces (Conjecture),https://www.youtube.com/watch?v=_VuWvQUMQVk,2018-03-17
75,0O6nYRC7GeY,Deep Learning Theory 2-2: Deep Linear Network,https://www.youtube.com/watch?v=0O6nYRC7GeY,2018-03-17
76,XysGHdNOTbg,Deep Learning Theory 2-5: Geometry of Loss Surfaces (Empirical),https://www.youtube.com/watch?v=XysGHdNOTbg,2018-03-24
77,9dtxv4HLq_8,Deep Learning Theory 3-1: Generalization Capability of Deep Learning,https://www.youtube.com/watch?v=9dtxv4HLq_8,unknown
78,pivB5jEBOQw,Deep Learning Theory 3-2: Indicator of Generalization,https://www.youtube.com/watch?v=pivB5jEBOQw,2018-03-24
79,DMA4MrNieWo,GAN Lecture 4 (2018): Basic Theory,https://www.youtube.com/watch?v=DMA4MrNieWo,2018-05-11
80,av1bqilLsyQ,GAN Lecture 5 (2018): General Framework,https://www.youtube.com/watch?v=av1bqilLsyQ,2018-05-11
81,LpyL4nZSuqU,GAN Lecture 2 (2018): Conditional Generation,https://www.youtube.com/watch?v=LpyL4nZSuqU,2018-05-11
82,DQNNMiAP5lw,GAN Lecture 1 (2018): Introduction,https://www.youtube.com/watch?v=DQNNMiAP5lw,2018-05-11
83,sU5CG8Z0zgw,"GAN Lecture 7 (2018): Info GAN, VAE-GAN, BiGAN",https://www.youtube.com/watch?v=sU5CG8Z0zgw,2018-05-18
84,-3LgL3NXLtI,GAN Lecture 3 (2018): Unsupervised Conditional Generation,https://www.youtube.com/watch?v=-3LgL3NXLtI,2018-05-18
85,3JP-xuBJsyc,"GAN Lecture 6 (2018): WGAN, EBGAN",https://www.youtube.com/watch?v=3JP-xuBJsyc,2018-05-18
86,Xb1x4ZgV6iM,GAN Lecture 9 (2018): Sequence Generation,https://www.youtube.com/watch?v=Xb1x4ZgV6iM,2018-05-26
87,Lhs_Kphd0jg,GAN Lecture 8 (2018): Photo Editing,https://www.youtube.com/watch?v=Lhs_Kphd0jg,2018-05-26
88,IB_ADssBomk,GAN Lecture 10 (2018): Evaluation & Concluding Remarks,https://www.youtube.com/watch?v=IB_ADssBomk,2018-05-26
89,2-zGCx4iv_k,DRL Lecture 4: Q-learning (Advanced Tips),https://www.youtube.com/watch?v=2-zGCx4iv_k,2018-06-08
90,o_g9JUMw1Oc,DRL Lecture 3: Q-learning (Basic Idea),https://www.youtube.com/watch?v=o_g9JUMw1Oc,2018-06-08
91,z95ZYgPgXOY,DRL Lecture 1: Policy Gradient (Review),https://www.youtube.com/watch?v=z95ZYgPgXOY,2018-06-09
92,OAKAZhFmYoI,DRL Lecture 2:  Proximal Policy Optimization (PPO),https://www.youtube.com/watch?v=OAKAZhFmYoI,2018-06-09
93,rl_ozvqQUU8,DRL Lecture 8: Imitation Learning,https://www.youtube.com/watch?v=rl_ozvqQUU8,2018-06-18
94,tnPVcec22cg,DRL Lecture 5: Q-learning (Continuous Action),https://www.youtube.com/watch?v=tnPVcec22cg,2018-06-18
95,-5cCWhu0OaM,DRL Lecture 7: Sparse Reward,https://www.youtube.com/watch?v=-5cCWhu0OaM,2018-06-18
96,j82QLgfhFiY,DRL Lecture 6: Actor-Critic,https://www.youtube.com/watch?v=j82QLgfhFiY,2018-06-18
97,LGAMeOgAwU4,"HW1 (presented by 黃文璁,蔡昕宇,許傑盛)",https://www.youtube.com/watch?v=LGAMeOgAwU4,unknown
98,95hyyAMJieU,"HW1 (presented by 毛弘仁, 王克安, 林哲賢)",https://www.youtube.com/watch?v=95hyyAMJieU,unknown
99,Lobg0qVR-y0,"HW1 (presented by 劉俊緯, 吳宗翰)",https://www.youtube.com/watch?v=Lobg0qVR-y0,unknown
100,TR937eL1WLc,"HW3 (presented by 謝宏祺, 朱柏澄, 蔡昀達)",https://www.youtube.com/watch?v=TR937eL1WLc,unknown
101,It7qtXah9YU,"HW2 (presented by 毛弘仁, 王克安, 林哲賢)",https://www.youtube.com/watch?v=It7qtXah9YU,unknown
102,fs7fNqEqwnE,"HW4 (presented by 林宗穎, 林益璟, 陳唯之)",https://www.youtube.com/watch?v=fs7fNqEqwnE,unknown
103,R0LP4HelkIc,"HW3 (presented by 康家瑋, 曾彥青, 林俊樑)",https://www.youtube.com/watch?v=R0LP4HelkIc,unknown
104,n6rcXu9R23s,"HW2 (presented by 卓伯鴻, 陳景由)",https://www.youtube.com/watch?v=n6rcXu9R23s,unknown
105,Q3xi_stxlUY,"HW4 (presented by 王行健, 謝議霆)",https://www.youtube.com/watch?v=Q3xi_stxlUY,unknown
106,N5wfwAnVZlk,"HW4 (presented by 許秉鈞, 蔡丞昊, 楊正彥)",https://www.youtube.com/watch?v=N5wfwAnVZlk,unknown
107,Rd63BhmLr-M,"HW3 (presented by 許秉鈞, 蔡丞昊, 楊正彥)",https://www.youtube.com/watch?v=Rd63BhmLr-M,unknown
108,oITx1yP2hxE,"HW2 (presented by 張家銘, 張承洋, 張景程)",https://www.youtube.com/watch?v=oITx1yP2hxE,unknown
109,uUrt8xgdMbs,Linear Algebra Lecture 1: What are we going to learn?,https://www.youtube.com/watch?v=uUrt8xgdMbs,unknown
110,ZexDYHpmID8,Linear Algebra Lecture 2: System of Linear Equations,https://www.youtube.com/watch?v=ZexDYHpmID8,unknown
111,tpNFMU7KsEU,Linear Algebra Lecture 3: Vector,https://www.youtube.com/watch?v=tpNFMU7KsEU,unknown
112,FInagysEI0o,Linear Algebra Lecture 4: Matrix,https://www.youtube.com/watch?v=FInagysEI0o,unknown
113,K2zzvo28X0g,Linear Algebra Lecture 5: Matrix-vector Product,https://www.youtube.com/watch?v=K2zzvo28X0g,unknown
114,-E67rZSjTNI,Linear Algebra Lecture 6: Having Solution or Not,https://www.youtube.com/watch?v=-E67rZSjTNI,unknown
115,34HlThINCsc,Linear Algebra Lecture 7: How many solutions?,https://www.youtube.com/watch?v=34HlThINCsc,unknown
116,zuTH1WdREkY,Linear Algebra Lecture 8: Solving System of Linear Equations (part 1),https://www.youtube.com/watch?v=zuTH1WdREkY,unknown
117,YzAg9l9FO7Y,Linear Algebra Lecture 9: Solving System of Linear Equations (part 2),https://www.youtube.com/watch?v=YzAg9l9FO7Y,unknown
118,yO8lDzf4jMs,Linear Algebra Lecture 14: Matrix Multiplication,https://www.youtube.com/watch?v=yO8lDzf4jMs,unknown
119,ObibwhRY8xc,Linear Algebra Lecture 10: What can we know from RREF? (part 1),https://www.youtube.com/watch?v=ObibwhRY8xc,unknown
120,G-afSDZgEVI,Linear Algebra Lecture 11: What can we know from RREF? (part 2),https://www.youtube.com/watch?v=G-afSDZgEVI,unknown
121,UaBRpTMX98c,Linear Algebra Lecture 12: What can we know from RREF? (part 3),https://www.youtube.com/watch?v=UaBRpTMX98c,unknown
122,mSMh27SxKbM,Linear Algebra Lecture 13: What can we know from RREF? (part 4),https://www.youtube.com/watch?v=mSMh27SxKbM,unknown
123,fOK-bLERPUM,Linear Algebra Lecture 15: Inverse of Matrix,https://www.youtube.com/watch?v=fOK-bLERPUM,unknown
124,vV2ff0xFPbw,Linear Algebra Lecture 17: How to find the Inverse of a Matrix,https://www.youtube.com/watch?v=vV2ff0xFPbw,unknown
125,d43mGvCnuBU,Linear Algebra Lecture 16: Invertible,https://www.youtube.com/watch?v=d43mGvCnuBU,unknown
126,pXtXnY2b2-E,Linear Algebra Lecture 18: Subspace,https://www.youtube.com/watch?v=pXtXnY2b2-E,unknown
127,aW0JVmpIxas,"Linear Algebra Lecture 20: Column Space, Null Space, Row Space",https://www.youtube.com/watch?v=aW0JVmpIxas,unknown
128,GB48DyvC14o,Linear Algebra Lecture 19: Basis,https://www.youtube.com/watch?v=GB48DyvC14o,unknown
129,im3kTm9jGEM,Linear Algebra Lecture 21: Coordinate System,https://www.youtube.com/watch?v=im3kTm9jGEM,unknown
130,IrAdVhE6VqI,Linear Algebra Lecture 22: Linear Function in Coordinate System,https://www.youtube.com/watch?v=IrAdVhE6VqI,unknown
131,7fXtSUrKND0,Linear Algebra Lecture 23: Formulas of Determinant,https://www.youtube.com/watch?v=7fXtSUrKND0,unknown
132,005nG8ZZVDE,Linear Algebra Lecture 24: Properties of Determinant,https://www.youtube.com/watch?v=005nG8ZZVDE,unknown
133,1RyHRIP8QGg,Linear Algebra Lecture 25: Eigenvalues and Eigenvectors,https://www.youtube.com/watch?v=1RyHRIP8QGg,unknown
134,TsB5_BiMFoo,Linear Algebra Lecture 26: Diagonalization,https://www.youtube.com/watch?v=TsB5_BiMFoo,unknown
135,L7Y8wB3xzEc,Linear Algebra Lecture 27: Diagonalization for Linear Transformation,https://www.youtube.com/watch?v=L7Y8wB3xzEc,unknown
136,pSg9TG_U_fY,Linear Algebra Lecture 28: PageRank,https://www.youtube.com/watch?v=pSg9TG_U_fY,unknown
137,6WJikUaKKNo,Linear Algebra Lecture 30: Orthogonal Projection,https://www.youtube.com/watch?v=6WJikUaKKNo,unknown
138,hxI7stenqaw,Linear Algebra Lecture 29: Orthogonality,https://www.youtube.com/watch?v=hxI7stenqaw,unknown
139,98-0Q1ed3sM,Linear Algebra Lecture 31: Orthogonal Basis,https://www.youtube.com/watch?v=98-0Q1ed3sM,unknown
140,PzqVLldlHTE,Linear Algebra Lecture 31: Gram-Schmidt Process,https://www.youtube.com/watch?v=PzqVLldlHTE,unknown
141,TmDYxL7HV68,Linear Algebra Lecture 32: Orthogonal Matrix,https://www.youtube.com/watch?v=TmDYxL7HV68,unknown
142,0ijUQ-RfN3I,Linear Algebra Lecture 33: Symmetric Matrix,https://www.youtube.com/watch?v=0ijUQ-RfN3I,unknown
143,OEJ0wxxLO7M,Linear Algebra Lecture 36: Singular Value Decomposition,https://www.youtube.com/watch?v=OEJ0wxxLO7M,unknown
144,o4dPfMkz_lw,Linear Algebra Lecture 34: General Vectors (Part I),https://www.youtube.com/watch?v=o4dPfMkz_lw,unknown
145,7E7ZzTJFeng,Linear Algebra Lecture 35: General Vectors (Part II),https://www.youtube.com/watch?v=7E7ZzTJFeng,unknown
146,XnyM3-xtxHs,The Next Step for Machine Learning,https://www.youtube.com/watch?v=XnyM3-xtxHs,unknown
147,gDp2LXGnVLQ,Anomaly Detection (1/7),https://www.youtube.com/watch?v=gDp2LXGnVLQ,2019-03-07
148,cYrNjLxkoXs,Anomaly Detection (2/7),https://www.youtube.com/watch?v=cYrNjLxkoXs,2019-03-07
149,ueDlm2FkCnw,Anomaly Detection (3/7),https://www.youtube.com/watch?v=ueDlm2FkCnw,2019-03-07
150,XwkHOUPbc0Q,Anomaly Detection (4/7),https://www.youtube.com/watch?v=XwkHOUPbc0Q,2019-03-07
151,Fh1xFBktRLQ,Anomaly Detection (5/7),https://www.youtube.com/watch?v=Fh1xFBktRLQ,2019-03-07
152,LmFWzmn2rFY,Anomaly Detection (6/7),https://www.youtube.com/watch?v=LmFWzmn2rFY,2019-03-07
153,6W8FqUGYyDo,Anomaly Detection (7/7),https://www.youtube.com/watch?v=6W8FqUGYyDo,2019-03-07
154,NI6yb0WgMBM,Attack ML Models (1/8),https://www.youtube.com/watch?v=NI6yb0WgMBM,unknown
155,zOdg05BwE7I,Attack ML Models (2/8),https://www.youtube.com/watch?v=zOdg05BwE7I,unknown
156,F9N5zF7N0qY,Attack ML Models (3/8),https://www.youtube.com/watch?v=F9N5zF7N0qY,unknown
157,qjnMoWmn1FQ,Attack ML Models (4/8),https://www.youtube.com/watch?v=qjnMoWmn1FQ,unknown
158,2mgLPZJOHNk,Attack ML Models (5/8),https://www.youtube.com/watch?v=2mgLPZJOHNk,unknown
159,z2nmPDLEXI0,Attack ML Models (6/8),https://www.youtube.com/watch?v=z2nmPDLEXI0,unknown
160,KH48zq2RfBA,Attack ML Models (7/8),https://www.youtube.com/watch?v=KH48zq2RfBA,unknown
161,ah_Ttx6cIVU,Attack ML Models (8/8),https://www.youtube.com/watch?v=ah_Ttx6cIVU,unknown
162,lnjrn3bF9lA,Explainable ML (1/8),https://www.youtube.com/watch?v=lnjrn3bF9lA,unknown
163,pNpk6DPYUh8,Explainable ML (2/8),https://www.youtube.com/watch?v=pNpk6DPYUh8,unknown
164,K6TpPWLc52c,Explainable ML (3/8),https://www.youtube.com/watch?v=K6TpPWLc52c,unknown
165,yORbWn7UsBs,Explainable ML (4/8),https://www.youtube.com/watch?v=yORbWn7UsBs,unknown
166,1xnhQbAV1m0,Explainable ML (5/8),https://www.youtube.com/watch?v=1xnhQbAV1m0,unknown
167,gotiBlOu18I,Explainable ML (8/8),https://www.youtube.com/watch?v=gotiBlOu18I,unknown
168,OjqIVSwly4k,Explainable ML (7/8),https://www.youtube.com/watch?v=OjqIVSwly4k,unknown
169,K1mWgthGS-A,Explainable ML (6/8),https://www.youtube.com/watch?v=K1mWgthGS-A,unknown
170,YIuBHB9Ejok,Unsupervised Syntactic Parsing (ft. 莊永松同學),https://www.youtube.com/watch?v=YIuBHB9Ejok,unknown
171,7qT5P9KJnWo,Life Long Learning (1/7),https://www.youtube.com/watch?v=7qT5P9KJnWo,unknown
172,CubL463rhsQ,Life Long Learning (7/7),https://www.youtube.com/watch?v=CubL463rhsQ,unknown
173,D4aN7urRp3E,Life Long Learning (6/7),https://www.youtube.com/watch?v=D4aN7urRp3E,unknown
174,W37WANBMUTM,Life Long Learning (5/7),https://www.youtube.com/watch?v=W37WANBMUTM,unknown
175,UgLx4rjcCO8,Life Long Learning (4/7),https://www.youtube.com/watch?v=UgLx4rjcCO8,unknown
176,X7aWP6LngEs,Life Long Learning (2/7),https://www.youtube.com/watch?v=X7aWP6LngEs,unknown
177,8uo3kJ509hA,Life Long Learning (3/7),https://www.youtube.com/watch?v=8uo3kJ509hA,unknown
178,EkAqYbpCYAc,Meta Learning – MAML (1/9),https://www.youtube.com/watch?v=EkAqYbpCYAc,unknown
179,9k4ND-xjcgM,Meta Learning – MAML (2/9),https://www.youtube.com/watch?v=9k4ND-xjcgM,unknown
180,PznN0w7dYc0,Meta Learning – MAML (3/9),https://www.youtube.com/watch?v=PznN0w7dYc0,unknown
181,knaAdp5uWRg,Meta Learning – MAML (4/9),https://www.youtube.com/watch?v=knaAdp5uWRg,unknown
182,vUwOA3SNb_E,Meta Learning – MAML (5/9),https://www.youtube.com/watch?v=vUwOA3SNb_E,unknown
183,dV-Crj8hsJM,Meta Learning – MAML (6/9),https://www.youtube.com/watch?v=dV-Crj8hsJM,unknown
184,3z997JhL9Oo,Meta Learning – MAML (8/9),https://www.youtube.com/watch?v=3z997JhL9Oo,unknown
185,mxqzGwP_Qys,Meta Learning – MAML (7/9),https://www.youtube.com/watch?v=mxqzGwP_Qys,unknown
186,9jJe2AD35P8,Meta Learning – MAML (9/9),https://www.youtube.com/watch?v=9jJe2AD35P8,unknown
187,NjZygLDXxjg,Meta Learning - Gradient Descent as LSTM (1/3),https://www.youtube.com/watch?v=NjZygLDXxjg,unknown
188,G_xYYq772NQ,Meta Learning - Gradient Descent as LSTM (2/3),https://www.youtube.com/watch?v=G_xYYq772NQ,unknown
189,p0Tn8oZWZbQ,Meta Learning - Gradient Descent as LSTM (3/3),https://www.youtube.com/watch?v=p0Tn8oZWZbQ,unknown
190,yyKaACh_j3M,Meta Learning – Metric-based (1/3),https://www.youtube.com/watch?v=yyKaACh_j3M,unknown
191,scK2EIT7klw,Meta Learning – Metric-based (2/3),https://www.youtube.com/watch?v=scK2EIT7klw,unknown
192,semSxPP2Yzg,Meta Learning – Metric-based (3/3),https://www.youtube.com/watch?v=semSxPP2Yzg,unknown
193,hhsfEaVaeQU,More about Auto-encoder (2/4),https://www.youtube.com/watch?v=hhsfEaVaeQU,unknown
194,ZRyoCBCFMOs,More about Auto-encoder (3/4),https://www.youtube.com/watch?v=ZRyoCBCFMOs,unknown
195,DRLsw4CshqU,More about Auto-encoder (4/4),https://www.youtube.com/watch?v=DRLsw4CshqU,unknown
196,6ZWu4L7XOiQ,More about Auto-encoder (1/4),https://www.youtube.com/watch?v=6ZWu4L7XOiQ,unknown
197,dPp8rCAnU_A,Network Compression (1/6),https://www.youtube.com/watch?v=dPp8rCAnU_A,unknown
198,7B8Cx7woQk4,Network Compression (2/6),https://www.youtube.com/watch?v=7B8Cx7woQk4,unknown
199,mzZzn8fBvEs,Network Compression (3/6),https://www.youtube.com/watch?v=mzZzn8fBvEs,unknown
200,fMsNf0ufYnY,Network Compression (4/6),https://www.youtube.com/watch?v=fMsNf0ufYnY,unknown
201,L0TOXlNpCJ8,Network Compression (5/6),https://www.youtube.com/watch?v=L0TOXlNpCJ8,unknown
202,f0rOMyZSZi4,Network Compression (6/6),https://www.youtube.com/watch?v=f0rOMyZSZi4,unknown
203,ufcKFjdpT98,GAN (Quick Review),https://www.youtube.com/watch?v=ufcKFjdpT98,unknown
204,ugWDIIOHtPA,Transformer,https://www.youtube.com/watch?v=ugWDIIOHtPA,unknown
205,ePimv_k-H24,Meta Learning - Train+Test as RNN,https://www.youtube.com/watch?v=ePimv_k-H24,unknown
206,UYPa347-DdE,"ELMO, BERT, GPT",https://www.youtube.com/watch?v=UYPa347-DdE,unknown
207,uXY18nzdSsM,Flow-based  Generative Model,https://www.youtube.com/watch?v=uXY18nzdSsM,unknown
208,c9TwBeWAj_U,Machine Learning (2020): Course Introduction,https://www.youtube.com/watch?v=c9TwBeWAj_U,unknown
209,AIKu43goh-8,[DLHLP 2020] Speech Recognition (1/7) - Overview,https://www.youtube.com/watch?v=AIKu43goh-8,unknown
210,nER51ZyJaCQ,[DLHLP 2020] Deep Learning for Human Language Processing (Course Overview),https://www.youtube.com/watch?v=nER51ZyJaCQ,unknown
211,BdUeBa6NbXA,"[DLHLP 2020] Speech Recognition (2/7) - Listen, Attend, Spell",https://www.youtube.com/watch?v=BdUeBa6NbXA,unknown
212,CGuLuBaLIeI,"[DLHLP 2020] Speech Recognition (3/7) - CTC, RNN-T and more",https://www.youtube.com/watch?v=CGuLuBaLIeI,unknown
213,XWTGY_PNABo,[DLHLP 2020] Speech Recognition (4/7) - HMM (optional),https://www.youtube.com/watch?v=XWTGY_PNABo,unknown
214,5SSVra6IJY4,"[DLHLP 2020] Speech Recognition (5/7) - Alignment of HMM, CTC and RNN-T (optional)",https://www.youtube.com/watch?v=5SSVra6IJY4,unknown
215,L519dCHUCog,[DLHLP 2020] Speech Recognition (6/7) - RNN-T Training  (optional),https://www.youtube.com/watch?v=L519dCHUCog,unknown
216,dymfkWtVUdo,[DLHLP 2020] Speech Recognition (7/7) - Language Modeling,https://www.youtube.com/watch?v=dymfkWtVUdo,unknown
217,Jj6blc8UijY,[DLHLP 2020] Voice Conversion (1/2) - Feature Disentangle,https://www.youtube.com/watch?v=Jj6blc8UijY,unknown
218,eybCCtNKwzA,[TA 補充課] Graph Neural Network (1/2) (由助教姜成翰同學講授),https://www.youtube.com/watch?v=eybCCtNKwzA,2020-03-26
219,M9ht8vsVEw8,[TA 補充課] Graph Neural Network (2/2) (由助教姜成翰同學講授),https://www.youtube.com/watch?v=M9ht8vsVEw8,2020-03-26
220,JUWVuF2ucTk,[DLHLP 2020] Voice Conversion (2/2) - CycleGAN and StarGAN,https://www.youtube.com/watch?v=JUWVuF2ucTk,unknown
221,tovg5ZxNgIo,"[DLHLP 2020] Speech Separation (1/2) - Deep Clustering, PIT",https://www.youtube.com/watch?v=tovg5ZxNgIo,unknown
222,kQeezFrNoOg,PyTorch Tutorial (由助教劉記良同學講授),https://www.youtube.com/watch?v=kQeezFrNoOg,unknown
223,4pUmZ8hXlHM,[TA 補充課] Optimization for Deep Learning (1/2) (由助教簡仲明同學講授),https://www.youtube.com/watch?v=4pUmZ8hXlHM,2020-04-09
224,e03YKGHXnL8,[TA 補充課] Optimization for Deep Learning (2/2) (由助教簡仲明同學講授),https://www.youtube.com/watch?v=e03YKGHXnL8,2020-04-09
225,DMxKeHW8KdM,[DLHLP 2020] Speech Synthesis (1/2) - Tacotron,https://www.youtube.com/watch?v=DMxKeHW8KdM,unknown
226,G0O1A7lONSY,[DLHLP 2020] Speech Separation (2/2) - TasNet,https://www.youtube.com/watch?v=G0O1A7lONSY,unknown
227,z3yvxvyP-lE,[DLHLP 2020] Speaker Verification,https://www.youtube.com/watch?v=z3yvxvyP-lE,unknown
228,LsdiOt0wiWM,[TA 補充課] More about Explainable AI (由助教楊書文同學講授),https://www.youtube.com/watch?v=LsdiOt0wiWM,unknown
229,Eau1Fr2x86Y,[DLHLP 2020] Speech Synthesis (2/2) - More than Tacotron,https://www.youtube.com/watch?v=Eau1Fr2x86Y,unknown
230,PaHhMlxFPyU,[TA 補充課] More about Adversarial Attack (2/2) (由助教黃冠博同學講授),https://www.youtube.com/watch?v=PaHhMlxFPyU,2020-04-20
231,tfpKIZIWidA,[TA 補充課] More about Adversarial Attack (1/2) (由助教黃冠博同學講授),https://www.youtube.com/watch?v=tfpKIZIWidA,2020-04-20
232,6g2aPc0ol2Y,[DLHLP 2020] Vocoder (由助教許博竣同學講授),https://www.youtube.com/watch?v=6g2aPc0ol2Y,unknown
233,tFBrqPPxWzE,[DLHLP 2020] Overview of NLP Tasks,https://www.youtube.com/watch?v=tFBrqPPxWzE,unknown
234,1_gRK9EIQpc,[DLHLP 2020] BERT and its family - Introduction and Fine-tune,https://www.youtube.com/watch?v=1_gRK9EIQpc,unknown
235,cnZdfLSqwiE,[ICASSP 2020] TOWARDS UNSUPERVISED SPEECH RECOGNITION AND SYNTHESIS (Speaker: Tao Tu),https://www.youtube.com/watch?v=cnZdfLSqwiE,2020-05-03
236,goav0eXKPwg,[ICASSP 2020] META LEARNING FOR END-TO-END LOW-RESOURCE SPEECH RECOGNITION (Speaker: Jui-Yang Hsu),https://www.youtube.com/watch?v=goav0eXKPwg,2020-05-03
237,6gtn7H-pWr8,[ICASSP 2020] WHAT DOES A NETWORK LAYER HEAR? (Speaker: Chung-Yi Li),https://www.youtube.com/watch?v=6gtn7H-pWr8,2020-05-03
238,W3t8FHgV90M,[ICASSP 2020] ONE-SHOT VOICE CONVERSION BY VECTOR QUANTIZATION (Speaker: Da-Yi Wu),https://www.youtube.com/watch?v=W3t8FHgV90M,2020-05-03
239,JlOSyRNFjOw,[ICASSP 2020] MOCKINGJAY: UNSUPERVISED SPEECH REPRESENTATION LEARNING (Speaker: Andy T. Liu),https://www.youtube.com/watch?v=JlOSyRNFjOw,2020-05-03
240,sKwz5GvxGgI,[ICASSP 2020] Defense against adversarial attacks on spoofing countermeasures (Speaker: Haibin Wu),https://www.youtube.com/watch?v=sKwz5GvxGgI,2020-05-04
241,1j46kdawA4Q,[ICASSP 2020] ASR WITH WORD EMBEDDING REGULARIZATION AND FUSED DECODING (Speaker: Alexander H. Liu),https://www.youtube.com/watch?v=1j46kdawA4Q,2020-05-04
242,RUhkc6ihyYI,[ICASSP 2020] INTERRUPTED AND CASCADED PIT FOR SPEECH SEPARATION (Speaker: Gene-Ping Yang),https://www.youtube.com/watch?v=RUhkc6ihyYI,2020-05-04
243,qf0j0A0-SVM,[ICASSP 2020] TRAINING CODE-SWITCHING LANGUAGE MODEL WITH MONOLINGUAL DATA (Speaker: Shun-Po Chuang),https://www.youtube.com/watch?v=qf0j0A0-SVM,2020-05-04
244,Bywo7m6ySlk,"[DLHLP 2020] BERT and its family - ELMo, BERT, GPT, XLNet, MASS, BART, UniLM, ELECTRA, and more",https://www.youtube.com/watch?v=Bywo7m6ySlk,unknown
245,lluMBz5AoOg,[TA 補充課] Transformer and its variant (由助教紀伯翰同學講授),https://www.youtube.com/watch?v=lluMBz5AoOg,2020-05-07
246,cW04Sb02lU4,[ICLR 2020] Language Modeling for Lifelong Language Learning (Speaker: Fan-Keng Sun),https://www.youtube.com/watch?v=cW04Sb02lU4,2020-05-07
247,jvyKmU4OM3c,[DLHLP 2020] Non-Autoregressive Sequence Generation (由助教莊永松同學講授),https://www.youtube.com/watch?v=jvyKmU4OM3c,unknown
248,w6gdV2_PtsE,[TA 補充課] Network Compression (2/2): Network Pruning (由助教劉俊緯同學講授),https://www.youtube.com/watch?v=w6gdV2_PtsE,unknown
249,9CCn9uPfJ64,[TA 補充課] Network Compression (1/2): Knowledge Distillation (由助教劉俊緯同學講授),https://www.youtube.com/watch?v=9CCn9uPfJ64,unknown
250,WROBoprE0js,[DLHLP 2020] Text Style Transfer and Unsupervised Summarization/Translation/Speech Recognition,https://www.youtube.com/watch?v=WROBoprE0js,unknown
251,2BemmceHKOU,[DLHLP 2020] Deep Learning for Coreference Resolution,https://www.youtube.com/watch?v=2BemmceHKOU,unknown
252,hTNE8iFXEMU,"[TA 補充課] SAGAN, BigGAN, SinGAN, GauGAN, GANILLA, NICE-GAN (由助教吳宗翰同學講授)",https://www.youtube.com/watch?v=hTNE8iFXEMU,unknown
253,pHQ2lcDgoFs,[DLHLP 2020] Deep Learning for Constituency Parsing,https://www.youtube.com/watch?v=pHQ2lcDgoFs,unknown
254,-C8RUrWb7F8,[TA 補充課] More about Anomaly Detection (由助教林政豪同學講授),https://www.youtube.com/watch?v=-C8RUrWb7F8,unknown
255,gvfLq4sPW4k,[TA 補充課] More about Domain Adaptation (1/2) (由助教趙崇皓同學講授),https://www.youtube.com/watch?v=gvfLq4sPW4k,unknown
256,-DQBMAULXX8,[TA 補充課] More about Domain Adaptation (2/2) (由助教楊晟甫同學講授),https://www.youtube.com/watch?v=-DQBMAULXX8,unknown
257,ZGnKfoUb7h8,[TA 補充課] Self-supervised Learning (由助教劉記良同學講授),https://www.youtube.com/watch?v=ZGnKfoUb7h8,unknown
258,QBbeIsiqw-U,[TA 補充課] More about Meta Learning (由助教陳建成同學講授) (1/2),https://www.youtube.com/watch?v=QBbeIsiqw-U,unknown
259,w0-7BO09kdo,[TA 補充課] More about Meta Learning (由助教陳建成同學講授) (2/2),https://www.youtube.com/watch?v=w0-7BO09kdo,unknown
260,8rDN1jUI82g,[DLHLP 2020] Multilingual BERT,https://www.youtube.com/watch?v=8rDN1jUI82g,unknown
261,9erBrs-VIqc,[DLHLP 2020] Deep Learning for Dependency Parsing,https://www.youtube.com/watch?v=9erBrs-VIqc,unknown
262,gRfTfXCe3LA,[DLHLP 2020] Deep Learning for Question Answering (1/2) (重新上傳),https://www.youtube.com/watch?v=gRfTfXCe3LA,unknown
263,NN9Q9Jhtvvg,[DLHLP 2020] Audio BERT (1/2) (由助教劉廷緯同學講授),https://www.youtube.com/watch?v=NN9Q9Jhtvvg,unknown
264,0KNvAYb1emQ,[DLHLP 2020] Audio BERT (2/2) (由助教紀伯翰同學和助教楊書文同學講授),https://www.youtube.com/watch?v=0KNvAYb1emQ,unknown
265,DOG1L9lvsDY,[DLHLP 2020] 來自獵人暗黑大陸的模型 GPT-3,https://www.youtube.com/watch?v=DOG1L9lvsDY,unknown
266,h_Lptoq8spQ,[DLHLP 2020] Deep Learning for Question Answering (2/2),https://www.youtube.com/watch?v=h_Lptoq8spQ,unknown
267,ZR2AZgupIpc,"[TA 補充課] RL - Model-based, Large-scale, Meta, Multi-agent, Hide-and-seek, Alpha Star (由助教林義聖同學講授)",https://www.youtube.com/watch?v=ZR2AZgupIpc,unknown
268,mk6v2raVGfk,[DLHLP 2020] Controllable Chatbot,https://www.youtube.com/watch?v=mk6v2raVGfk,unknown
269,SX6_1-mvkWk,[TA 補充課] More about Lifelong Learning (由助教楊舒涵同學講授),https://www.youtube.com/watch?v=SX6_1-mvkWk,unknown
270,tRDF_w700Uw,[DLHLP 2020] Dialogue State Tracking (as Question Answering),https://www.youtube.com/watch?v=tRDF_w700Uw,unknown
271,OybkIdSNKSc,"[ACL 2020] Worse WER, but Better BLEU? (Speaker: Shun-Po Chuang)",https://www.youtube.com/watch?v=OybkIdSNKSc,2020-07-15
272,SNT7LAGsLDY,[線性代數] 這門課在學什麼？,https://www.youtube.com/watch?v=SNT7LAGsLDY,unknown
273,sc7dicXFoZE,[線性代數] 線性代數 vs. 電機系其他必修課,https://www.youtube.com/watch?v=sc7dicXFoZE,unknown
274,J-U_zKg15f4,[線性代數] 課程速覽,https://www.youtube.com/watch?v=J-U_zKg15f4,unknown
275,I3hyvWN78Is,[線性代數] 向量 (Vector),https://www.youtube.com/watch?v=I3hyvWN78Is,unknown
276,Ww3eAfLZjME,[線性代數] 線性系統 = 線性方程組 (System of Linear Equations),https://www.youtube.com/watch?v=Ww3eAfLZjME,unknown
277,7qwaAhcD2og,[線性代數] 矩陣 (Matrix),https://www.youtube.com/watch?v=7qwaAhcD2og,unknown
278,cf-WpQX70Vs,[線性代數] 那些有名有姓的矩陣,https://www.youtube.com/watch?v=cf-WpQX70Vs,unknown
279,OMdCNhJp60M,[線性代數] 矩陣乘上向量的一些特性,https://www.youtube.com/watch?v=OMdCNhJp60M,unknown
280,6wPSfjwm_qk,[線性代數] 線性系統 = 線性方程組 (System of Linear Equations) = 矩陣乘上向量,https://www.youtube.com/watch?v=6wPSfjwm_qk,unknown
281,zchDGSfr_yU,[線性代數] 線性方程組 (System of Linear Equations) 有解還是無解 (高中觀點),https://www.youtube.com/watch?v=zchDGSfr_yU,unknown
282,OHgibs_pDN8,[線性代數] 線性方程組 (System of Linear Equations) 有解還是無解 (線性代數觀點),https://www.youtube.com/watch?v=OHgibs_pDN8,unknown
283,pZfvmcjIrpE,[線性代數] 線性組合 (Linear Combination),https://www.youtube.com/watch?v=pZfvmcjIrpE,unknown
284,-zIPQ8hcsps,[線性代數] 在 Span 時耍廢的向量,https://www.youtube.com/watch?v=-zIPQ8hcsps,unknown
285,FEnFCtNILtI,[線性代數] Span 的概念,https://www.youtube.com/watch?v=FEnFCtNILtI,unknown
286,JWGVfVSvQwc,[INTERSPEECH 2020] VQVC+: One-Shot Voice Conversion by Vector Quantization and U-Net architecture,https://www.youtube.com/watch?v=JWGVfVSvQwc,2020-11-03
287,rsbT7X2-g7E,[INTERSPEECH 2020] WG-WaveNet: Real-Time High-Fidelity Speech Synthesis without GPU,https://www.youtube.com/watch?v=rsbT7X2-g7E,2020-11-03
288,3b1S20iVyMY,[INTERSPEECH 2020]  Semi-supervised Learning for Multi-speaker Text-to-speech Synthesis,https://www.youtube.com/watch?v=3b1S20iVyMY,2020-11-03
289,rztqT8RXyuI,[INTERSPEECH 2020] DARTS-ASR: Differentiable Architecture Search for Multilingual Speech Recognition,https://www.youtube.com/watch?v=rztqT8RXyuI,2020-11-03
290,7mf7nSh8dGE,[INTERSPEECH 2020] SpeechBERT: Model for End-to-end Spoken Question Answering,https://www.youtube.com/watch?v=7mf7nSh8dGE,2020-11-03
291,RJq_B416V1Q,[INTERSPEECH 2020] Understanding Self-Attention of Self-Supervised Audio Transformers,https://www.youtube.com/watch?v=RJq_B416V1Q,2020-11-03
292,k81atCYWpzg,[INTERSPEECH 2020] Defense for Black-box Attacks on Anti-spoofing Models by Self-Supervised Learning,https://www.youtube.com/watch?v=k81atCYWpzg,2020-11-03
293,Jjy6ER0bHv8,ML Lecture 21-1: Recurrent Neural Network (Part I) English version,https://www.youtube.com/watch?v=Jjy6ER0bHv8,2021-02-17
294,Ye018rCVvOo,【機器學習2021】預測本頻道觀看人數 (上) - 機器學習基本概念簡介,https://www.youtube.com/watch?v=Ye018rCVvOo,2021-02-26
295,bHcJCp2Fyxs,【機器學習2021】預測本頻道觀看人數 (下) - 深度學習基本概念簡介,https://www.youtube.com/watch?v=bHcJCp2Fyxs,2021-02-26
296,Y87Ct23H3Kw,[ML 2021 (English version)] Lecture 1: Predicting the views of this channel - ML Introduction (1/2),https://www.youtube.com/watch?v=Y87Ct23H3Kw,2021-03-05
297,O69EqgzUl9U,[ML 2021 (English version)] Lecture 2: Predicting the views of this channel - ML Introduction (2/2),https://www.youtube.com/watch?v=O69EqgzUl9U,2021-03-05
298,WeHM2xpYQpw,【機器學習2021】機器學習任務攻略,https://www.youtube.com/watch?v=WeHM2xpYQpw,2021-03-05
299,zzbr1h9sF54,【機器學習2021】類神經網路訓練不起來怎麼辦 (二)： 批次 (batch) 與動量 (momentum),https://www.youtube.com/watch?v=zzbr1h9sF54,2021-03-05
300,QW6uINn7uGk,【機器學習2021】類神經網路訓練不起來怎麼辦 (一)： 局部最小值 (local minima) 與鞍點 (saddle point),https://www.youtube.com/watch?v=QW6uINn7uGk,2021-03-05
301,O2VkP8dJ5FE,【機器學習2021】類神經網路訓練不起來怎麼辦 (四)：損失函數 (Loss) 也可能有影響,https://www.youtube.com/watch?v=O2VkP8dJ5FE,2021-03-12
302,HYUXEeh3kwY,【機器學習2021】類神經網路訓練不起來怎麼辦 (三)：自動調整學習速率 (Learning Rate),https://www.youtube.com/watch?v=HYUXEeh3kwY,2021-03-12
303,hYdO9CscNes,【機器學習2021】自注意力機制 (Self-attention) (上),https://www.youtube.com/watch?v=hYdO9CscNes,2021-03-12
304,OP5HcXJg2Aw,"【機器學習2021】卷積神經網路 (Convolutional Neural Networks, CNN)",https://www.youtube.com/watch?v=OP5HcXJg2Aw,2021-03-12
305,3qgKpBptyFY,[ML 2021 (English version)] Lecture 3: Roadmap of Improving Model,https://www.youtube.com/watch?v=3qgKpBptyFY,2021-03-12
306,yz7QS1I6omw,[ML 2021 (English version)] Lecture 4: What to do when optimization fails? (1/4),https://www.youtube.com/watch?v=yz7QS1I6omw,2021-03-12
307,MNoEQ9w-AbE,[ML 2021 (English version)] Lecture 5: What to do when optimization fails? (2/4),https://www.youtube.com/watch?v=MNoEQ9w-AbE,2021-03-12
308,jqVONJ-Wn8w,[ML 2021 (English version)] Lecture 8: Classification (Short Version),https://www.youtube.com/watch?v=jqVONJ-Wn8w,2021-03-18
309,I4eLIsPM9Yc,[ML 2021 (English version)] Lecture 9: Convolutional Neural Networks,https://www.youtube.com/watch?v=I4eLIsPM9Yc,2021-03-18
310,0djMUi2-uV4,[ML 2021 (English version)] Lecture 10: Self-attention (1/2),https://www.youtube.com/watch?v=0djMUi2-uV4,2021-03-18
311,BABPWOkSbLE,【機器學習2021】類神經網路訓練不起來怎麼辦 (五)： 批次標準化 (Batch Normalization) 簡介,https://www.youtube.com/watch?v=BABPWOkSbLE,2021-03-26
312,n9TlOhRjYoc,【機器學習2021】Transformer (上),https://www.youtube.com/watch?v=n9TlOhRjYoc,2021-03-26
313,gmsMY5kc-zw,【機器學習2021】自注意力機制 (Self-attention) (下),https://www.youtube.com/watch?v=gmsMY5kc-zw,2021-03-26
314,N6aRv06iv2g,【機器學習2021】Transformer (下),https://www.youtube.com/watch?v=N6aRv06iv2g,2021-04-09
315,4OWp0wDu6Xw,"【機器學習2021】生成式對抗網路 (Generative Adversarial Network, GAN) (一) – 基本概念介紹",https://www.youtube.com/watch?v=4OWp0wDu6Xw,2021-04-09
316,jNY1WBb8l4U,"【機器學習2021】生成式對抗網路 (Generative Adversarial Network, GAN) (二) – 理論介紹與WGAN",https://www.youtube.com/watch?v=jNY1WBb8l4U,2021-04-09
317,8yf-tU7zm7w,[ML 2021 (English version)] Lecture 6: What to do when optimization fails? (3/4),https://www.youtube.com/watch?v=8yf-tU7zm7w,2021-04-09
318,zeCDPYZli0k,[ML 2021 (English version)] Lecture 11: Self-attention (2/2),https://www.youtube.com/watch?v=zeCDPYZli0k,2021-04-09
319,t3u3WshJQV8,[ML 2021 (English version)] Lecture 7: What to do when optimization fails? (4/4),https://www.youtube.com/watch?v=t3u3WshJQV8,2021-04-09
320,zmOuJkH9l9M,[ML 2021 (English version)] Lecture 12: Transformer (1/2),https://www.youtube.com/watch?v=zmOuJkH9l9M,2021-04-09
321,fPTj5Zh1ACo,[ML 2021 (English version)] Lecture 13: Transformer (2/2),https://www.youtube.com/watch?v=fPTj5Zh1ACo,2021-04-16
322,Mb9kddLfLRI,[ML 2021 (English version)] Lecture 14:  Generative Adversarial Network (GAN) (1/4),https://www.youtube.com/watch?v=Mb9kddLfLRI,2021-04-16
323,kFhv1I_fbZI,[ML 2021 (English version)] Lecture 15:  Generative Adversarial Network (GAN) (2/4),https://www.youtube.com/watch?v=kFhv1I_fbZI,2021-04-16
324,MP0BnVH2yOo,"【機器學習2021】生成式對抗網路 (Generative Adversarial Network, GAN) (三) – 生成器效能評估與條件式生成",https://www.youtube.com/watch?v=MP0BnVH2yOo,2021-04-16
325,wulqhgnDr7E,"【機器學習2021】生成式對抗網路 (Generative Adversarial Network, GAN) (四) – Cycle GAN",https://www.youtube.com/watch?v=wulqhgnDr7E,2021-04-16
326,e422eloJ0W4,【機器學習2021】自督導式學習 (Self-supervised Learning) (一) – 芝麻街與進擊的巨人,https://www.youtube.com/watch?v=e422eloJ0W4,2021-04-16
327,gh0hewYkjgo,【機器學習2021】自督導式學習 (Self-supervised Learning) (二) – BERT簡介,https://www.youtube.com/watch?v=gh0hewYkjgo,unknown
328,ExXA05i8DEQ,【機器學習2021】自督導式學習 (Self-supervised Learning) (三) – BERT的奇聞軼事,https://www.youtube.com/watch?v=ExXA05i8DEQ,unknown
329,L-ZQ-6vKOxU,[ML 2021 (English version)] Lecture 19:  Self-supervised Learning (aka Foundation Model) (2/3),https://www.youtube.com/watch?v=L-ZQ-6vKOxU,2021-04-23
330,mEcVirwmrkA,[ML 2021 (English version)] Lecture 18:  Self-supervised Learning (aka Foundation Model) (1/3),https://www.youtube.com/watch?v=mEcVirwmrkA,2021-04-23
331,6xRAiKAYPxU,[ML 2021 (English version)] Lecture 17:  Generative Adversarial Network (GAN) (4/4),https://www.youtube.com/watch?v=6xRAiKAYPxU,2021-04-23
332,XcAmPtMQqS8,[ML 2021 (English version)] Lecture 16:  Generative Adversarial Network (GAN) (3/4),https://www.youtube.com/watch?v=XcAmPtMQqS8,2021-04-23
333,WY_E0Sd4K80,【機器學習2021】自督導式學習 (Self-supervised Learning) (四) – GPT的野望,https://www.youtube.com/watch?v=WY_E0Sd4K80,2021-04-30
334,3oHlf8-J3Nc,【機器學習2021】自編碼器 (Auto-encoder) (上) – 基本概念,https://www.youtube.com/watch?v=3oHlf8-J3Nc,2021-04-30
335,xGQKhbjrFRk,【機器學習2021】來自人類的惡意攻擊 (Adversarial Attack) (上) – 基本概念,https://www.youtube.com/watch?v=xGQKhbjrFRk,2021-04-30
336,JZvEzb5PV3U,【機器學習2021】自編碼器 (Auto-encoder) (下) – 領結變聲器與更多應用,https://www.youtube.com/watch?v=JZvEzb5PV3U,2021-04-30
337,PsBHWq9KKqk,[ML 2021 (English version)] Lecture 22:  Auto-encoder (2/2),https://www.youtube.com/watch?v=PsBHWq9KKqk,2021-05-07
338,xw6K4naFWFg,[ML 2021 (English version)] Lecture 23:  Adversarial Attack (1/2),https://www.youtube.com/watch?v=xw6K4naFWFg,2021-05-07
339,E7wlA85RxcI,[ML 2021 (English version)] Lecture 21:  Auto-encoder (1/2),https://www.youtube.com/watch?v=E7wlA85RxcI,2021-05-07
340,6sAf24QvJEY,[ML 2021 (English version)] Lecture 20:  Self-supervised Learning (aka Foundation Model) (3/3),https://www.youtube.com/watch?v=6sAf24QvJEY,2021-05-07
341,z-Q9ia5H2Ig,【機器學習2021】來自人類的惡意攻擊 (Adversarial Attack) (下) – 類神經網路能否躲過人類深不見底的惡意？,https://www.youtube.com/watch?v=z-Q9ia5H2Ig,2021-05-07
342,WQY85vaQfTI,【機器學習2021】機器學習模型的可解釋性 (Explainable ML) (上) – 為什麼類神經網路可以正確分辨寶可夢和數碼寶貝呢？,https://www.youtube.com/watch?v=WQY85vaQfTI,2021-05-07
343,kRmBiV2X810,[ML 2021 (English version)] Lecture 24:  Adversarial Attack (2/2),https://www.youtube.com/watch?v=kRmBiV2X810,2021-05-13
344,4rVD1EOaAX4,[ML 2021 (English version)] Lecture 25: Explainable ML (1/2),https://www.youtube.com/watch?v=4rVD1EOaAX4,2021-05-13
345,Mnk_oUrgppM,【機器學習2021】概述領域自適應 (Domain Adaptation),https://www.youtube.com/watch?v=Mnk_oUrgppM,2021-05-21
346,0ayIPqbdHYQ,【機器學習2021】機器學習模型的可解釋性 (Explainable ML) (下) –機器心中的貓長什麼樣子？,https://www.youtube.com/watch?v=0ayIPqbdHYQ,2021-05-21
347,XWukX-ayIrs,"【機器學習2021】概述增強式學習 (Reinforcement Learning, RL) (一) – 增強式學習跟機器學習一樣都是三個步驟",https://www.youtube.com/watch?v=XWukX-ayIrs,2021-05-22
348,US8DFaAZcp4,"【機器學習2021】概述增強式學習 (Reinforcement Learning, RL) (二) – Policy Gradient 與修課心情",https://www.youtube.com/watch?v=US8DFaAZcp4,2021-05-22
349,5VPy7OGlGMQ,[ML 2021 (English version)] Lecture 26: Explainable ML (2/2),https://www.youtube.com/watch?v=5VPy7OGlGMQ,2021-05-26
350,0oucZNfBXlI,[ML 2021 (English version)] Lecture 28: Introduction of Reinforcement Learning (RL) (1/5),https://www.youtube.com/watch?v=0oucZNfBXlI,2021-05-27
351,8AKqH6V9kjE,[ML 2021 (English version)] Lecture 27: Domain Adaptation,https://www.youtube.com/watch?v=8AKqH6V9kjE,2021-05-27
352,jbN0oYLtXps,[ML 2021 (English version)] Lecture 29: Introduction of Reinforcement Learning (RL) (2/5),https://www.youtube.com/watch?v=jbN0oYLtXps,2021-06-04
353,kk6DqWreLeU,"【機器學習2021】概述增強式學習 (Reinforcement Learning, RL) (三) - Actor-Critic",https://www.youtube.com/watch?v=kk6DqWreLeU,2021-06-05
354,73YyF1gmIus,"【機器學習2021】概述增強式學習 (Reinforcement Learning, RL) (四) - 回饋非常罕見的時候怎麼辦？機器的望梅止渴",https://www.youtube.com/watch?v=73YyF1gmIus,2021-06-05
355,75rZwxKBAf0,"【機器學習2021】概述增強式學習 (Reinforcement Learning, RL) (五) - 如何從示範中學習？逆向增強式學習 (Inverse RL)",https://www.youtube.com/watch?v=75rZwxKBAf0,2021-06-05
356,rWF9sg5w6Zk,"【機器學習2021】機器終身學習 (Life Long Learning, LL) (一) - 為什麼今日的人工智慧無法成為天網？災難性遺忘(Catastrophic Forgetting)",https://www.youtube.com/watch?v=rWF9sg5w6Zk,2021-06-05
357,Y9Jay_vxOsM,"【機器學習2021】機器終身學習 (Life Long Learning, LL) (二) - 災難性遺忘(Catastrophic Forgetting)的克服之道",https://www.youtube.com/watch?v=Y9Jay_vxOsM,2021-06-05
358,utk3EnAUh-g,【機器學習2021】神經網路壓縮 (Network Compression) (一) - 類神經網路剪枝 (Pruning) 與大樂透假說 (Lottery Ticket Hypothesis),https://www.youtube.com/watch?v=utk3EnAUh-g,2021-06-05
359,-2r4cqDP4BY,[ML 2021 (English version)] Lecture 34: Life-long Learning (2/2),https://www.youtube.com/watch?v=-2r4cqDP4BY,2021-06-11
360,yAX8Ydfek_I,[ML 2021 (English version)] Lecture 33: Life-long Learning (1/2),https://www.youtube.com/watch?v=yAX8Ydfek_I,2021-06-11
361,pibO_5JhQ4U,[ML 2021 (English version)] Lecture 31: Introduction of Reinforcement Learning (RL) (4/5),https://www.youtube.com/watch?v=pibO_5JhQ4U,2021-06-11
362,Cf-WkM-Xef0,[ML 2021 (English version)] Lecture 30: Introduction of Reinforcement Learning (RL) (3/5),https://www.youtube.com/watch?v=Cf-WkM-Xef0,2021-06-11
363,9H3ShV57lHs,[ML 2021 (English version)] Lecture 32: Introduction of Reinforcement Learning (RL) (5/5),https://www.youtube.com/watch?v=9H3ShV57lHs,2021-06-11
364,xrlbLPaq_Og,【機器學習2021】神經網路壓縮 (Network Compression) (二) - 從各種不同的面向來壓縮神經網路,https://www.youtube.com/watch?v=xrlbLPaq_Og,2021-06-11
365,xoastiYx9JU,【機器學習2021】元學習 Meta Learning (一) - 元學習跟機器學習一樣也是三個步驟,https://www.youtube.com/watch?v=xoastiYx9JU,unknown
366,Q68Eh-wm1Ts,【機器學習2021】元學習 Meta Learning (二) - 萬物皆可 Meta,https://www.youtube.com/watch?v=Q68Eh-wm1Ts,unknown
367,JXDjNh2qlfc,【機器學習2021】課程結語 - 最後的業配並改編《為學一首示子姪》作結,https://www.youtube.com/watch?v=JXDjNh2qlfc,unknown
368,CB0a3aBwND8,[ML 2021 (English version)] Lecture 35: Network Compression (1/2),https://www.youtube.com/watch?v=CB0a3aBwND8,2021-06-14
369,mGRdOGdOZ-4,[ML 2021 (English version)] Lecture 36: Network Compression (2/2),https://www.youtube.com/watch?v=mGRdOGdOZ-4,2021-06-17
370,MpsVE60iRLM,SUPERB: 語音上的自督導式學習模型居然十項全能？,https://www.youtube.com/watch?v=MpsVE60iRLM,2021-10-10
371,GTjwYzFG54E,SUPERB: Is self-supervised learning universal in speech processing tasks? (English version),https://www.youtube.com/watch?v=GTjwYzFG54E,2021-10-16
372,7XZR0-4uS5s,【機器學習2022】開學囉~ 又要週更了~,https://www.youtube.com/watch?v=7XZR0-4uS5s,unknown
373,_j9MVVcvyZI,【機器學習 2022】再探寶可夢、數碼寶貝分類器 — 淺談機器學習原理,https://www.youtube.com/watch?v=_j9MVVcvyZI,unknown
374,xQXh3fSvD1A,【機器學習 2022】為什麼用了驗證集 (validation set) 結果卻還是過擬合(overfitting)了呢？,https://www.youtube.com/watch?v=xQXh3fSvD1A,unknown
375,yXd2D5J0QDU,【機器學習 2022】魚與熊掌可以兼得的深度學習,https://www.youtube.com/watch?v=yXd2D5J0QDU,unknown
376,yHoAq1IT_og,【機器學習 2022】各式各樣神奇的自注意力機制 (Self-attention) 變型,https://www.youtube.com/watch?v=yHoAq1IT_og,unknown
377,NzElV8jTNmw,【機器學習 2022】如何有效的使用自督導式模型 - Data-Efficient & Parameter-Efficient Tuning (由姜成翰助教講授),https://www.youtube.com/watch?v=NzElV8jTNmw,unknown
378,lMIN1iKYNmA,【機器學習 2022】語音與影像上的神奇自督導式學習 (Self-supervised Learning) 模型,https://www.youtube.com/watch?v=lMIN1iKYNmA,unknown
379,z-lRPFFYVJc,【機器學習2022】自然語言處理上的對抗式攻擊 (由姜成翰助教講授) - Part 1,https://www.youtube.com/watch?v=z-lRPFFYVJc,unknown
380,68lwXWFzCmg,【機器學習2022】自然語言處理上的對抗式攻擊 (由姜成翰助教講授) - Part 2,https://www.youtube.com/watch?v=68lwXWFzCmg,unknown
381,LP3q72MwE7A,【機器學習2022】自然語言處理上的對抗式攻擊 (由姜成翰助教講授) - Part 3,https://www.youtube.com/watch?v=LP3q72MwE7A,unknown
382,uHKXwwQ7A_s,【機器學習2022】自然語言處理上的模仿攻擊 (Imitation Attack) 以及後門攻擊 (Backdoor Attack) (由姜成翰助教講授),https://www.youtube.com/watch?v=uHKXwwQ7A_s,unknown
383,Pal2DbmiYpk,【機器學習 2022】惡搞自督導式學習模型 BERT 的三個故事,https://www.youtube.com/watch?v=Pal2DbmiYpk,unknown
384,QNfymMRUg3M,【機器學習 2022】各種奇葩的元學習 (Meta Learning) 用法,https://www.youtube.com/watch?v=QNfymMRUg3M,unknown
385,KPcA8QCTm5U,AlphaTensor: 用增強式學習 (Reinforcement Learning) 找出更有效率的矩陣相乘演算法 (線性代數 2022 課程補充),https://www.youtube.com/watch?v=KPcA8QCTm5U,unknown
386,sWz4e-DM4JU,Meta 語音對語音翻譯技術背後的黑科技 (在繪圖 AI 中也有用上喔!),https://www.youtube.com/watch?v=sWz4e-DM4JU,unknown
387,e0aKI2GGZNg,ChatGPT (可能)是怎麼煉成的 - GPT 社會化的過程,https://www.youtube.com/watch?v=e0aKI2GGZNg,unknown
388,yiY4nPOzJEg,【生成式AI】ChatGPT 原理剖析 (1/3) — 對 ChatGPT 的常見誤解,https://www.youtube.com/watch?v=yiY4nPOzJEg,unknown
389,1ah7Qsri_c8,【生成式AI】ChatGPT 原理剖析 (2/3) — 預訓練 (Pre-train),https://www.youtube.com/watch?v=1ah7Qsri_c8,unknown
390,UsaZhQ9bY2k,【生成式AI】ChatGPT 原理剖析 (3/3) — ChatGPT 所帶來的研究問題,https://www.youtube.com/watch?v=UsaZhQ9bY2k,2023-02-24
391,A-6c584jxX8,【生成式AI】用 ChatGPT 和 Midjourney 來玩文字冒險遊戲,https://www.youtube.com/watch?v=A-6c584jxX8,unknown
392,phQK8xZpgoU,【生成式AI】快速了解機器學習基本原理 (1/2) (已經略懂機器學習的同學可以跳過這段),https://www.youtube.com/watch?v=phQK8xZpgoU,unknown
393,XLyPFnephpY,【生成式AI】快速了解機器學習基本原理 (2/2) (已經略懂機器學習的同學可以跳過這段),https://www.youtube.com/watch?v=XLyPFnephpY,unknown
394,AihBniegMKg,【生成式AI】生成式學習的兩種策略：要各個擊破，還是要一次到位,https://www.youtube.com/watch?v=AihBniegMKg,2023-03-03
395,ZID220t_MpI,"【生成式AI】能夠使用工具的AI：New Bing, WebGPT, Toolformer",https://www.youtube.com/watch?v=ZID220t_MpI,unknown
396,F58vJcGgjt0,【生成式AI】Finetuning vs. Prompting：對於大型語言模型的不同期待所衍生的兩類使用方式 (1/3),https://www.youtube.com/watch?v=F58vJcGgjt0,2023-03-10
397,aZ_jXZvxyVg,【生成式AI】Finetuning vs. Prompting：對於大型語言模型的不同期待所衍生的兩類使用方式 (2/3),https://www.youtube.com/watch?v=aZ_jXZvxyVg,2023-03-10
398,HnzDaEiN_eg,【生成式AI】Finetuning vs. Prompting：對於大型語言模型的不同期待所衍生的兩類使用方式 (3/3),https://www.youtube.com/watch?v=HnzDaEiN_eg,unknown
399,SaZTJJNOCOY,【生成式AI】大模型 + 大資料 = 神奇結果？(1/3)：大模型的頓悟時刻,https://www.youtube.com/watch?v=SaZTJJNOCOY,2023-03-17
400,qycxA-xX_OY,【生成式AI】大模型 + 大資料 = 神奇結果？(2/3)：到底要多少資料才夠,https://www.youtube.com/watch?v=qycxA-xX_OY,unknown
401,V-3ksGCjehU,【生成式AI】大模型 + 大資料 = 神奇結果？(3/3)：另闢蹊徑 — KNNLM,https://www.youtube.com/watch?v=V-3ksGCjehU,unknown
402,kslijcrYizE,【生成式AI】GPT-4 來了! GPT-4 這次有什麼神奇的能力呢？,https://www.youtube.com/watch?v=kslijcrYizE,unknown
403,z83Edfvgd9g,【生成式AI】速覽圖像生成常見模型,https://www.youtube.com/watch?v=z83Edfvgd9g,2023-03-25
404,azBugJzmz-o,【生成式AI】淺談圖像生成模型 Diffusion Model 原理,https://www.youtube.com/watch?v=azBugJzmz-o,2023-03-25
405,JbfcAaBT66U,【生成式AI】Stable Diffusion、DALL-E、Imagen 背後共同的套路,https://www.youtube.com/watch?v=JbfcAaBT66U,2023-03-25
406,ifCDXFdeaaM,【生成式AI】Diffusion Model 原理剖析 (1/4) (optional),https://www.youtube.com/watch?v=ifCDXFdeaaM,unknown
407,73qwu77ZsTM,【生成式AI】Diffusion Model 原理剖析 (2/4) (optional),https://www.youtube.com/watch?v=73qwu77ZsTM,unknown
408,m6QchXTx6wA,【生成式AI】Diffusion Model 原理剖析 (3/4) (optional),https://www.youtube.com/watch?v=m6QchXTx6wA,unknown
409,67_M2qP5ssY,【生成式AI】Diffusion Model 原理剖析 (4/4) (optional),https://www.youtube.com/watch?v=67_M2qP5ssY,unknown
410,rK_rZFew1yc,【生成式AI】窮人如何低資源復刻自己的 ChatGPT,https://www.youtube.com/watch?v=rK_rZFew1yc,2023-04-21
411,G44Lkj7XDsA,【生成式AI】讓 AI 村民組成虛擬村莊會發生甚麼事？,https://www.youtube.com/watch?v=G44Lkj7XDsA,2023-04-22
412,m7dUFlX-yQI,【生成式AI】ChatGPT 可以自我反省!,https://www.youtube.com/watch?v=m7dUFlX-yQI,2023-04-22
413,HTAq-CPrU5s,【機器學習2023】語音基石模型 (助教張凱為講授) (2/2),https://www.youtube.com/watch?v=HTAq-CPrU5s,unknown
414,m7Be7ppR6q0,【機器學習2023】語音基石模型 (助教張凱為講授) (1/2),https://www.youtube.com/watch?v=m7Be7ppR6q0,unknown
415,GBXm30qRAqg,【生成式AI 2023】用語言模型來解釋語言模型 (上),https://www.youtube.com/watch?v=GBXm30qRAqg,unknown
416,OOvhBIIHITE,【生成式AI 2023】用語言模型來解釋語言模型 (下),https://www.youtube.com/watch?v=OOvhBIIHITE,unknown
417,eQNADlR0jSs,【生成式AI 2023】讓 AI 做計劃然後自己運行自己,https://www.youtube.com/watch?v=eQNADlR0jSs,unknown
418,vxxPtDCb9Go,【生成式AI 2023】FrugalGPT: 來看看窮人怎麼用省錢的方式來使用 ChatGPT (上),https://www.youtube.com/watch?v=vxxPtDCb9Go,unknown
419,VpKN3KvSK6c,【生成式AI 2023】FrugalGPT: 來看看窮人怎麼用省錢的方式來使用 ChatGPT (下),https://www.youtube.com/watch?v=VpKN3KvSK6c,unknown
420,wG8-IUtqu-s,80分鐘快速了解大型語言模型 (5:30 有咒術迴戰雷),https://www.youtube.com/watch?v=wG8-IUtqu-s,unknown
421,AVIKFXLCPY8,【生成式AI導論 2024】第0講：課程說明 (17:15 有芙莉蓮雷),https://www.youtube.com/watch?v=AVIKFXLCPY8,2024-02-24
422,JGtqpQXfJis,【生成式AI導論 2024】第1講：生成式AI是什麼？,https://www.youtube.com/watch?v=JGtqpQXfJis,2024-02-24
423,glBhOQ1_RkE,【生成式AI導論 2024】第2講：今日的生成式人工智慧厲害在哪裡？從「工具」變為「工具人」,https://www.youtube.com/watch?v=glBhOQ1_RkE,2024-03-02
424,A3Yx35KrSN0,【生成式AI導論 2024】第3講：訓練不了人工智慧？你可以訓練你自己 (上) — 神奇咒語與提供更多資訊,https://www.youtube.com/watch?v=A3Yx35KrSN0,2024-03-02
425,lwe3_x50_uw,【生成式AI導論 2024】第4講：訓練不了人工智慧？你可以訓練你自己 (中) — 拆解問題與使用工具,https://www.youtube.com/watch?v=lwe3_x50_uw,2024-03-09
426,inebiWdQW-4,【生成式AI導論 2024】第5講：訓練不了人工智慧？你可以訓練你自己 (下) — 讓語言彼此合作，把一個人活成一個團隊 (開頭有芙莉蓮雷，慎入),https://www.youtube.com/watch?v=inebiWdQW-4,2024-03-23
427,cCpErV7To2o,【生成式AI導論 2024】第6講：大型語言模型修練史 — 第一階段: 自我學習，累積實力 (熟悉機器學習的同學從 15:00 開始看起即可),https://www.youtube.com/watch?v=cCpErV7To2o,2024-03-23
428,Q9cNkUPXUB8,【生成式AI導論 2024】第7講：大型語言模型修練史 — 第二階段: 名師指點，發揮潛力 (兼談對 ChatGPT 做逆向工程與 LLaMA 時代的開始),https://www.youtube.com/watch?v=Q9cNkUPXUB8,2024-03-24
429,v12IKvF6Cj8,"【生成式AI導論 2024】第8講：大型語言模型修練史 — 第三階段: 參與實戰，打磨技巧 (Reinforcement Learning from Human Feedback, RLHF)",https://www.youtube.com/watch?v=v12IKvF6Cj8,2024-04-12
430,bJZTJ7MjYqg,【生成式AI導論 2024】第9講：以大型語言模型打造的AI Agent (14:50 教你怎麼打造芙莉蓮一級魔法使考試中出現的泥人哥列姆),https://www.youtube.com/watch?v=bJZTJ7MjYqg,2024-04-19
431,2QC9VEBkaqk,"[活動宣傳] Webinar Series for Advancements in Audio, Speech and Language Technology",https://www.youtube.com/watch?v=2QC9VEBkaqk,unknown
432,uhNsUCb2fJI,【生成式AI導論 2024】第10講：今日的語言模型是如何做文字接龍的 — 淺談Transformer (已經熟悉 Transformer 的同學可略過本講),https://www.youtube.com/watch?v=uhNsUCb2fJI,2024-05-03
433,rZzfqkfZhY8,【生成式AI導論 2024】第11講：大型語言模型在「想」什麼呢？ — 淺談大型語言模型的可解釋性,https://www.youtube.com/watch?v=rZzfqkfZhY8,2024-05-04
434,Hk8Z0uhmWg4,【生成式AI導論 2024】第12講：淺談檢定大型語言模型能力的各種方式,https://www.youtube.com/watch?v=Hk8Z0uhmWg4,2024-05-10
435,MSnvknLywUc,【生成式AI導論 2024】第13講：淺談大型語言模型相關的安全性議題 (上) — 亡羊補牢、語言模型的偏見、有多少人用 ChatGPT 寫論文審查意見,https://www.youtube.com/watch?v=MSnvknLywUc,2024-05-11
436,CNTondxaguo,【生成式AI導論 2024】第14講：淺談大型語言模型相關的安全性議題 (下) — 欺騙大型語言模型,https://www.youtube.com/watch?v=CNTondxaguo,2024-05-18
437,QbwQR9sjWbs,【生成式AI導論 2024】第15講：為什麼語言模型用文字接龍，圖片生成不用像素接龍呢？— 淺談生成式人工智慧的生成策略,https://www.youtube.com/watch?v=QbwQR9sjWbs,2024-05-18
438,MAbGgsWKrg8,【生成式AI導論 2024】第16講：可以加速所有語言模型生成速度的神奇外掛 — Speculative Decoding,https://www.youtube.com/watch?v=MAbGgsWKrg8,2024-05-18
439,CgQ3lUOpXgc,GPT-4o 背後可能的語音技術猜測,https://www.youtube.com/watch?v=CgQ3lUOpXgc,2024-05-19
440,5H2bVEmYDNg,【生成式AI導論 2024】第17講：有關影像的生成式AI (上) — AI 如何產生圖片和影片 (Sora 背後可能用的原理),https://www.youtube.com/watch?v=5H2bVEmYDNg,2024-06-01
441,OYN_GvAqv-A,"【生成式AI導論 2024】第18講：有關影像的生成式AI (下) — 快速導讀經典影像生成方法 (VAE, Flow, Diffusion, GAN) 以及與生成的影片互動",https://www.youtube.com/watch?v=OYN_GvAqv-A,2024-06-01
442,Zjpl84KCTvw,Audio Language Models - Neil Zeghidour (Moshi),https://www.youtube.com/watch?v=Zjpl84KCTvw,2024-12-14
443,ExDfqz8NfnE,Challenges in Developing Universal Audio Foundation Model - Dongchao Yang (CUHK),https://www.youtube.com/watch?v=ExDfqz8NfnE,2024-12-14
444,JidtdZVtpkI,VoiceCraft: Zero-Shot Speech Editing and TTS in the Wild - Shang-Wen Li (Meta),https://www.youtube.com/watch?v=JidtdZVtpkI,2024-12-14
445,fIoCxwVobEo,NeuralAudioCodecs: Recent Progress and a Case Study with SemantiCodec -Wenwu Wang (Univ. of Surrey),https://www.youtube.com/watch?v=fIoCxwVobEo,2024-12-14
446,zxFTrb_xGD0,Future Directions in Neural Speech Communication Codecs - Minje Kim (UIUC),https://www.youtube.com/watch?v=zxFTrb_xGD0,2024-12-14
447,QLiKmca4kzI,【生成式AI時代下的機器學習(2025)】第一講：一堂課搞懂生成式人工智慧的技術突破與未來發展,https://www.youtube.com/watch?v=QLiKmca4kzI,2025-02-23
448,M2Yg1kwPpts,【生成式AI時代下的機器學習(2025)】第二講：一堂課搞懂 AI Agent 的原理 (AI如何透過經驗調整行為、使用工具和做計劃),https://www.youtube.com/watch?v=M2Yg1kwPpts,2025-03-08
